"land","lifeExp","pop","gdpPercap"
"Afghanistan",43.828,31889923,974.5803384
"Albania",76.423,3600523,5937.029526
"Algeria",72.301,33333216,6223.367465
"Angola",42.731,12420476,4797.231267
"Argentina",75.32,40301927,12779.37964
"Australia",81.235,20434176,34435.36744
"Austria",79.829,8199783,36126.4927
"Bahrain",75.635,708573,29796.04834
"Bangladesh",64.062,150448339,1391.253792
"Belgium",79.441,10392226,33692.60508
