"land","lifeExp","pop","gdpPercap"
"Afghanistan",80.828,34889923,985.5803384
"Albania",79.423,3800523,5998.029526
"Algeria",75.301,33333816,6290.367465
"Angola",60.731,12421476,4897.231267
"Argentina",78.32,40302027,12879.37964
"Australia",82.235,20434576,34935.36744
"Austria",81.829,8199783,36126.4927
"Bahrain",79.635,708573,29796.04834
"Bangladesh",69.062,150448339,1391.253792
"Belgium",81.441,10392226,33692.60508
