"land","lifeExp","pop","gdpPercap"
"Afghanistan",55.828,36889923,999.5803384
"Albania",82.423,3900523,6100.029526
"Algeria",80.301,33333816,6290.367465
"Angola",65.731,12421476,4897.231267
"Argentina",82.32,40302027,12879.37964
"Australia",85.235,20434576,34935.36744
"Austria",84.829,8199783,36126.4927
"Bahrain",82.635,708573,29796.04834
"Bangladesh",79.062,150448339,1391.253792
"Belgium",85.441,10392226,33692.60508
